{
  "num_queries": 12,
  "mrr": 0.9027777777777778,
  "hit_at_1": 0.8333333333333334,
  "precision_at_1": 0.8333333333333334,
  "hit_at_3": 1.0,
  "precision_at_3": 0.5833333333333334,
  "hit_at_5": 1.0,
  "precision_at_5": 0.43333333333333335
}